Date,Game,Time,Week
"Thursday, October 26, 2023",Tampa Bay Buccaneers at Buffalo Bills (Thu),8:15p (EST),Week 8
"Thursday, October 26, 2023",Houston Texans at Carolina Panthers,1:00p (EST),Week 8
"Thursday, October 26, 2023",Los Angeles Rams at Dallas Cowboys,12:00p (CST),Week 8
"Thursday, October 26, 2023",Minnesota Vikings at Green Bay Packers,12:00p (CST),Week 8
"Thursday, October 26, 2023",New Orleans Saints at Indianapolis Colts,1:00p (EST),Week 8
"Thursday, October 26, 2023",New England Patriots at Miami Dolphins,1:00p (EST),Week 8
"Thursday, October 26, 2023",New York Jets at New York Giants,1:00p (EST),Week 8
"Thursday, October 26, 2023",Jacksonville Jaguars at Pittsburgh Steelers,1:00p (EST),Week 8
"Thursday, October 26, 2023",Atlanta Falcons at Tennessee Titans,12:00p (CST),Week 8
"Thursday, October 26, 2023",Philadelphia Eagles at Washington Commanders,1:00p (EST),Week 8
"Thursday, October 26, 2023",Cleveland Browns at Seattle Seahawks,1:05p (PST),Week 8
"Thursday, October 26, 2023",Baltimore Ravens at Arizona Cardinals,1:25p (MST),Week 8
"Thursday, October 26, 2023",Kansas City Chiefs at Denver Broncos,2:25p (MST),Week 8
"Thursday, October 26, 2023",Cincinnati Bengals at San Francisco 49ers,1:25p (PST),Week 8
"Thursday, October 26, 2023",Chicago Bears at Los Angeles Chargers,5:20p (PST),Week 8
"Monday, October 30, 2023",Las Vegas Raiders at Detroit Lions (Mon),8:15p (EST),Week 8
"Thursday, November 02, 2023",Tennessee Titans at Pittsburgh Steelers (Thu),8:15p (EST),Week 9
"Sunday, November 05, 2023",Miami Dolphins vs Kansas City Chiefs (Frankfurt),3:30p (CEST),Week 9
"Sunday, November 05, 2023",Minnesota Vikings at Atlanta Falcons,1:00p (EST),Week 9
"Sunday, November 05, 2023",Seattle Seahawks at Baltimore Ravens,1:00p (EST),Week 9
"Sunday, November 05, 2023",Arizona Cardinals at Cleveland Browns,1:00p (EST),Week 9
"Sunday, November 05, 2023",Los Angeles Rams at Green Bay Packers,12:00p (CST),Week 9
"Sunday, November 05, 2023",Tampa Bay Buccaneers at Houston Texans,12:00p (CST),Week 9
"Sunday, November 05, 2023",Washington Commanders at New England Patriots,1:00p (EST),Week 9
"Sunday, November 05, 2023",Chicago Bears at New Orleans Saints,12:00p (CST),Week 9
"Sunday, November 05, 2023",Indianapolis Colts at Carolina Panthers,4:05p (EST),Week 9
"Sunday, November 05, 2023",New York Giants at Las Vegas Raiders,1:25p (PST),Week 9
"Sunday, November 05, 2023",Dallas Cowboys at Philadelphia Eagles,4:25p (EST),Week 9
"Sunday, November 05, 2023",Buffalo Bills at Cincinnati Bengals,8:20p (EST),Week 9
"Monday, November 06, 2023",Los Angeles Chargers at New York Jets (Mon),8:15p (EST),Week 9
"Thursday, November 09, 2023",Carolina Panthers at Chicago Bears (Thu),7:15p (CST),Week 10
"Sunday, November 12, 2023",Indianapolis Colts vs New England Patriots (Frankfurt),3:30p (CEST),Week 10
"Sunday, November 12, 2023",Cleveland Browns at Baltimore Ravens,1:00p (EST),Week 10
"Sunday, November 12, 2023",Houston Texans at Cincinnati Bengals,1:00p (EST),Week 10
"Sunday, November 12, 2023",San Francisco 49ers at Jacksonville Jaguars,1:00p (EST),Week 10
"Sunday, November 12, 2023",New Orleans Saints at Minnesota Vikings,12:00p (CST),Week 10
"Sunday, November 12, 2023",Green Bay Packers at Pittsburgh Steelers,1:00p (EST),Week 10
"Sunday, November 12, 2023",Tennessee Titans at Tampa Bay Buccaneers,1:00p (EST),Week 10
"Sunday, November 12, 2023",Atlanta Falcons at Arizona Cardinals,2:05p (MST),Week 10
"Sunday, November 12, 2023",Detroit Lions at Los Angeles Chargers,1:05p (PST),Week 10
"Sunday, November 12, 2023",New York Giants at Dallas Cowboys,3:25p (CST),Week 10
"Sunday, November 12, 2023",Washington Commanders at Seattle Seahawks,1:25p (PST),Week 10
"Sunday, November 12, 2023",New York Jets at Las Vegas Raiders,5:20p (PST),Week 10
"Monday, November 13, 2023",Denver Broncos at Buffalo Bills (Mon),8:15p (EST),Week 10
"Thursday, November 16, 2023",Cincinnati Bengals at Baltimore Ravens (Thu),8:15p (EST),Week 11
"Sunday, November 19, 2023",Dallas Cowboys at Carolina Panthers,1:00p (EST),Week 11
"Sunday, November 19, 2023",Pittsburgh Steelers at Cleveland Browns,1:00p (EST),Week 11
"Sunday, November 19, 2023",Chicago Bears at Detroit Lions,1:00p (EST),Week 11
"Sunday, November 19, 2023",Los Angeles Chargers at Green Bay Packers,12:00p (CST),Week 11
"Sunday, November 19, 2023",Arizona Cardinals at Houston Texans,12:00p (CST),Week 11
"Sunday, November 19, 2023",Tennessee Titans at Jacksonville Jaguars,1:00p (EST),Week 11
"Sunday, November 19, 2023",Las Vegas Raiders at Miami Dolphins,1:00p (EST),Week 11
"Sunday, November 19, 2023",New York Giants at Washington Commanders,1:00p (EST),Week 11
"Sunday, November 19, 2023",Tampa Bay Buccaneers at San Francisco 49ers,1:05p (PST),Week 11
"Sunday, November 19, 2023",New York Jets at Buffalo Bills,4:25p (EST),Week 11
"Sunday, November 19, 2023",Seattle Seahawks at Los Angeles Rams,1:25p (PST),Week 11
"Sunday, November 19, 2023",Minnesota Vikings at Denver Broncos,6:20p (MST),Week 11
"Monday, November 20, 2023",Philadelphia Eagles at Kansas City Chiefs (Mon),7:15p (CST),Week 11
"Thursday, November 23, 2023",Green Bay Packers at Detroit Lions (Thanksgiving),12:30p (EST),WEEK 12
"Thursday, November 23, 2023",Washington Commanders at Dallas Cowboys (Thanksgiving),3:30p (CST),WEEK 12
"Thursday, November 23, 2023",San Francisco 49ers at Seattle Seahawks (Thanksgiving),5:20p (PST),WEEK 12
"Friday, November 24, 2023",Miami Dolphins at New York Jets (Fri),3:00p (EST),WEEK 12
"Sunday, November 26, 2023",New Orleans Saints at Atlanta Falcons,1:00p (EST),WEEK 12
"Sunday, November 26, 2023",Pittsburgh Steelers at Cincinnati Bengals,1:00p (EST),WEEK 12
"Sunday, November 26, 2023",Jacksonville Jaguars at Houston Texans,12:00p (CST),WEEK 12
"Sunday, November 26, 2023",Tampa Bay Buccaneers at Indianapolis Colts,1:00p (EST),WEEK 12
"Sunday, November 26, 2023",New England Patriots at New York Giants,1:00p (EST),WEEK 12
"Sunday, November 26, 2023",Carolina Panthers at Tennessee Titans,12:00p (CST),WEEK 12
"Sunday, November 26, 2023",Los Angeles Rams at Arizona Cardinals,2:05p (MST),WEEK 12
"Sunday, November 26, 2023",Cleveland Browns at Denver Broncos,2:05p (MST),WEEK 12
"Sunday, November 26, 2023",Kansas City Chiefs at Las Vegas Raiders,1:25p (PST),WEEK 12
"Sunday, November 26, 2023",Buffalo Bills at Philadelphia Eagles,4:25p (EST),WEEK 12
"Sunday, November 26, 2023",Baltimore Ravens at Los Angeles Chargers,5:20p (PST),WEEK 12
"Monday, November 27, 2023",Chicago Bears at Minnesota Vikings (Mon),7:15p (CST),WEEK 12
"Thursday, November 30, 2023",Seattle Seahawks at Dallas Cowboys (Thu),7:15p (CST),WEEK 13
"Sunday, December 03, 2023",Los Angeles Chargers at New England Patriots,1:00p (EST),WEEK 13
"Sunday, December 03, 2023",Detroit Lions at New Orleans Saints,12:00p (CST),WEEK 13
"Sunday, December 03, 2023",Atlanta Falcons at New York Jets,1:00p (EST),WEEK 13
"Sunday, December 03, 2023",Arizona Cardinals at Pittsburgh Steelers,1:00p (EST),WEEK 13
"Sunday, December 03, 2023",Carolina Panthers at Tampa Bay Buccaneers,1:00p (EST),WEEK 13
"Sunday, December 03, 2023",Indianapolis Colts at Tennessee Titans,12:00p (CST),WEEK 13
"Sunday, December 03, 2023",Miami Dolphins at Washington Commanders,1:00p (EST),WEEK 13
"Sunday, December 03, 2023",Denver Broncos at Houston Texans,3:05p (CST),WEEK 13
"Sunday, December 03, 2023",Cleveland Browns at Los Angeles Rams,1:25p (PST),WEEK 13
"Sunday, December 03, 2023",San Francisco 49ers at Philadelphia Eagles,4:25p (EST),WEEK 13
"Sunday, December 03, 2023",Kansas City Chiefs at Green Bay Packers,7:20p (CST),WEEK 13
"Monday, December 04, 2023",Cincinnati Bengals at Jacksonville Jaguars (Mon),8:15p (EST),WEEK 13
"Thursday, December 07, 2023",New England Patriots at Pittsburgh Steelers (Thu),8:15p (EST),WEEK 14
"Sunday, December 10, 2023",Tampa Bay Buccaneers at Atlanta Falcons,1:00p (EST),WEEK 14
"Sunday, December 10, 2023",Los Angeles Rams at Baltimore Ravens,1:00p (EST),WEEK 14
"Sunday, December 10, 2023",Detroit Lions at Chicago Bears,12:00p (CST),WEEK 14
"Sunday, December 10, 2023",Indianapolis Colts at Cincinnati Bengals,1:00p (EST),WEEK 14
"Sunday, December 10, 2023",Jacksonville Jaguars at Cleveland Browns,1:00p (EST),WEEK 14
"Sunday, December 10, 2023",Carolina Panthers at New Orleans Saints,12:00p (CST),WEEK 14
"Sunday, December 10, 2023",Houston Texans at New York Jets,1:00p (EST),WEEK 14
"Sunday, December 10, 2023",Minnesota Vikings at Las Vegas Raiders,1:05p (PST),WEEK 14
"Sunday, December 10, 2023",Seattle Seahawks at San Francisco 49ers,1:05p (PST),WEEK 14
"Sunday, December 10, 2023",Buffalo Bills at Kansas City Chiefs,3:25p (CST),WEEK 14
"Sunday, December 10, 2023",Denver Broncos at Los Angeles Chargers,1:25p (PST),WEEK 14
"Sunday, December 10, 2023",Philadelphia Eagles at Dallas Cowboys,7:20p (CST),WEEK 14
"Monday, December 11, 2023",Tennessee Titans at Miami Dolphins (Mon),8:15p (EST),WEEK 14
"Monday, December 11, 2023",Green Bay Packers at New York Giants (Mon),8:15p (EST),WEEK 14
"Thursday, December 14, 2023",Los Angeles Chargers at Las Vegas Raiders (Thu),5:15p (PST),WEEK 15
"Saturday, December 16, 2023",TBD,TBD,WEEK 15
"Saturday, December 16, 2023",TBD,TBD,WEEK 15
"Saturday, December 16, 2023",TBD,TBD,WEEK 15
"Saturday, December 16, 2023",Atlanta Falcons at Carolina Panthers,TBD,WEEK 15
"Saturday, December 16, 2023",Minnesota Vikings at Cincinnati Bengals,TBD,WEEK 15
"Saturday, December 16, 2023",Chicago Bears at Cleveland Browns,TBD,WEEK 15
"Saturday, December 16, 2023",Denver Broncos at Detroit Lions,TBD,WEEK 15
"Saturday, December 16, 2023",Pittsburgh Steelers at Indianapolis Colts,TBD,WEEK 15
"Sunday, December 17, 2023",Tampa Bay Buccaneers at Green Bay Packers,12:00p (CST),WEEK 15
"Sunday, December 17, 2023",New York Jets at Miami Dolphins,1:00p (EST),WEEK 15
"Sunday, December 17, 2023",New York Giants at New Orleans Saints,12:00p (CST),WEEK 15
"Sunday, December 17, 2023",Houston Texans at Tennessee Titans,12:00p (CST),WEEK 15
"Sunday, December 17, 2023",San Francisco 49ers at Arizona Cardinals,2:05p (MST),WEEK 15
"Sunday, December 17, 2023",Washington Commanders at Los Angeles Rams,1:05p (PST),WEEK 15
"Sunday, December 17, 2023",Dallas Cowboys at Buffalo Bills,4:25p (EST),WEEK 15
"Sunday, December 17, 2023",Philadelphia Eagles at Seattle Seahawks,1:25p (PST),WEEK 15
"Sunday, December 17, 2023",Baltimore Ravens at Jacksonville Jaguars,8:20p (EST),WEEK 15
"Monday, December 18, 2023",Kansas City Chiefs at New England Patriots (Mon),8:15p (EST),WEEK 15
"Thursday, December 21, 2023",New Orleans Saints at Los Angeles Rams (Thu),5:15p (PST),WEEK 16
"Saturday, December 23, 2023",Cincinnati Bengals at Pittsburgh Steelers (Sat),4:30p (EST),WEEK 16
"Saturday, December 23, 2023",Buffalo Bills at Los Angeles Chargers (Sat),5:00p (PST),WEEK 16
"Sunday, December 24, 2023",Indianapolis Colts at Atlanta Falcons,1:00p (EST),WEEK 16
"Sunday, December 24, 2023",Green Bay Packers at Carolina Panthers,1:00p (EST),WEEK 16
"Sunday, December 24, 2023",Cleveland Browns at Houston Texans,12:00p (CST),WEEK 16
"Sunday, December 24, 2023",Detroit Lions at Minnesota Vikings,12:00p (CST),WEEK 16
"Sunday, December 24, 2023",Washington Commanders at New York Jets,1:00p (EST),WEEK 16
"Sunday, December 24, 2023",Seattle Seahawks at Tennessee Titans,12:00p (CST),WEEK 16
"Sunday, December 24, 2023",Jacksonville Jaguars at Tampa Bay Buccaneers,4:05p (EST),WEEK 16
"Sunday, December 24, 2023",Arizona Cardinals at Chicago Bears,3:25p (CST),WEEK 16
"Sunday, December 24, 2023",Dallas Cowboys at Miami Dolphins,4:25p (EST),WEEK 16
"Sunday, December 24, 2023",New England Patriots at Denver Broncos,6:15p (MST),WEEK 16
"Monday, December 25, 2023",Las Vegas Raiders at Kansas City Chiefs (Mon),12:00p (CST),WEEK 16
"Monday, December 25, 2023",New York Giants at Philadelphia Eagles (Mon),4:30p (EST),WEEK 16
"Monday, December 25, 2023",Baltimore Ravens at San Francisco 49ers (Mon),5:15p (PST),WEEK 16
"Thursday, December 28, 2023",New York Jets at Cleveland Browns (Thu),8:15p (EST),WEEK 17
"Saturday, December 30, 2023",Detroit Lions at Dallas Cowboys (Sat),7:15p (CST),WEEK 17
"Sunday, December 31, 2023",Miami Dolphins at Baltimore Ravens,1:00p (EST),WEEK 17
"Sunday, December 31, 2023",New England Patriots at Buffalo Bills,1:00p (EST),WEEK 17
"Sunday, December 31, 2023",Atlanta Falcons at Chicago Bears,12:00p (CST),WEEK 17
"Sunday, December 31, 2023",Tennessee Titans at Houston Texans,12:00p (CST),WEEK 17
"Sunday, December 31, 2023",Las Vegas Raiders at Indianapolis Colts,1:00p (EST),WEEK 17
"Sunday, December 31, 2023",Carolina Panthers at Jacksonville Jaguars,1:00p (EST),WEEK 17
"Sunday, December 31, 2023",Los Angeles Rams at New York Giants,1:00p (EST),WEEK 17
"Sunday, December 31, 2023",Arizona Cardinals at Philadelphia Eagles,1:00p (EST),WEEK 17
"Sunday, December 31, 2023",New Orleans Saints at Tampa Bay Buccaneers,1:00p (EST),WEEK 17
"Sunday, December 31, 2023",San Francisco 49ers at Washington Commanders,1:00p (EST),WEEK 17
"Sunday, December 31, 2023",Pittsburgh Steelers at Seattle Seahawks,1:05p (PST),WEEK 17
"Sunday, December 31, 2023",Los Angeles Chargers at Denver Broncos,2:25p (MST),WEEK 17
"Sunday, December 31, 2023",Cincinnati Bengals at Kansas City Chiefs,3:25p (CST),WEEK 17
"Sunday, December 31, 2023",Green Bay Packers at Minnesota Vikings,7:20p (CST),WEEK 17
